logoutTime,userName,uid,loginTime,date,_id
,Owner,0iUOq89rNOhmEw1iuJOjUyBMjCF2,2026-07-08T15:50:01.193Z,2026-07-08,0iUOq89rNOhmEw1iuJOjUyBMjCF2_2026-07-08_1783525801193
,Owner,0iUOq89rNOhmEw1iuJOjUyBMjCF2,2026-07-08T20:10:50.426252Z,2026-07-09,0iUOq89rNOhmEw1iuJOjUyBMjCF2_2026-07-09_1783541450426
,Owner,0iUOq89rNOhmEw1iuJOjUyBMjCF2,2026-07-09T02:53:29.503133Z,2026-07-09,0iUOq89rNOhmEw1iuJOjUyBMjCF2_2026-07-09_1783565609503
,Owner,0iUOq89rNOhmEw1iuJOjUyBMjCF2,2026-07-09T09:37:06.949035Z,2026-07-09,0iUOq89rNOhmEw1iuJOjUyBMjCF2_2026-07-09_1783589826949
,Owner,0iUOq89rNOhmEw1iuJOjUyBMjCF2,2026-07-10T05:43:44.778601Z,2026-07-10,0iUOq89rNOhmEw1iuJOjUyBMjCF2_2026-07-10_1783662224778
,Owner,0iUOq89rNOhmEw1iuJOjUyBMjCF2,2026-07-12T08:54:13.278922Z,2026-07-12,0iUOq89rNOhmEw1iuJOjUyBMjCF2_2026-07-12_1783846453278
,Owner,0iUOq89rNOhmEw1iuJOjUyBMjCF2,2026-07-12T09:07:31.331035Z,2026-07-12,0iUOq89rNOhmEw1iuJOjUyBMjCF2_2026-07-12_1783847251331
,Owner,0iUOq89rNOhmEw1iuJOjUyBMjCF2,2026-07-12T09:10:14.058704Z,2026-07-12,0iUOq89rNOhmEw1iuJOjUyBMjCF2_2026-07-12_1783847414058
,Owner,0iUOq89rNOhmEw1iuJOjUyBMjCF2,2026-07-12T10:22:46.478373Z,2026-07-12,0iUOq89rNOhmEw1iuJOjUyBMjCF2_2026-07-12_1783851766478
,Owner,0iUOq89rNOhmEw1iuJOjUyBMjCF2,2026-07-12T12:18:52.412Z,2026-07-12,0iUOq89rNOhmEw1iuJOjUyBMjCF2_2026-07-12_1783858732412
,Owner,0iUOq89rNOhmEw1iuJOjUyBMjCF2,2026-07-12T12:31:43.290Z,2026-07-12,0iUOq89rNOhmEw1iuJOjUyBMjCF2_2026-07-12_1783859503290
,Owner,0iUOq89rNOhmEw1iuJOjUyBMjCF2,2026-07-12T12:35:35.250Z,2026-07-12,0iUOq89rNOhmEw1iuJOjUyBMjCF2_2026-07-12_1783859735250
,Owner,0iUOq89rNOhmEw1iuJOjUyBMjCF2,2026-07-12T12:47:40.134Z,2026-07-12,0iUOq89rNOhmEw1iuJOjUyBMjCF2_2026-07-12_1783860460134
2026-07-12T17:47:55.207Z,Owner,0iUOq89rNOhmEw1iuJOjUyBMjCF2,2026-07-12T13:14:08.048Z,2026-07-12,0iUOq89rNOhmEw1iuJOjUyBMjCF2_2026-07-12_1783862048048
,Owner,0iUOq89rNOhmEw1iuJOjUyBMjCF2,2026-07-12T18:24:57.657126Z,2026-07-12,0iUOq89rNOhmEw1iuJOjUyBMjCF2_2026-07-12_1783880697657
2026-07-13T08:17:48.441Z,Owner,0iUOq89rNOhmEw1iuJOjUyBMjCF2,2026-07-13T02:06:55.142853Z,2026-07-13,0iUOq89rNOhmEw1iuJOjUyBMjCF2_2026-07-13_1783908415142
,Owner,0iUOq89rNOhmEw1iuJOjUyBMjCF2,2026-07-13T08:35:29.325Z,2026-07-13,0iUOq89rNOhmEw1iuJOjUyBMjCF2_2026-07-13_1783931729325
,Owner,0iUOq89rNOhmEw1iuJOjUyBMjCF2,2026-07-13T08:48:29.771392Z,2026-07-13,0iUOq89rNOhmEw1iuJOjUyBMjCF2_2026-07-13_1783932509771
,Owner,0iUOq89rNOhmEw1iuJOjUyBMjCF2,2026-07-13T12:04:31.881Z,2026-07-13,0iUOq89rNOhmEw1iuJOjUyBMjCF2_2026-07-13_1783944271881
,Owner,0iUOq89rNOhmEw1iuJOjUyBMjCF2,2026-07-13T12:10:05.070Z,2026-07-13,0iUOq89rNOhmEw1iuJOjUyBMjCF2_2026-07-13_1783944605070
,Owner,0iUOq89rNOhmEw1iuJOjUyBMjCF2,2026-07-13T12:10:43.104Z,2026-07-13,0iUOq89rNOhmEw1iuJOjUyBMjCF2_2026-07-13_1783944643104
,Owner,0iUOq89rNOhmEw1iuJOjUyBMjCF2,2026-07-13T12:33:16.806Z,2026-07-13,0iUOq89rNOhmEw1iuJOjUyBMjCF2_2026-07-13_1783945996806
2026-07-13T12:39:53.216Z,Owner,0iUOq89rNOhmEw1iuJOjUyBMjCF2,2026-07-13T12:34:51.471Z,2026-07-13,0iUOq89rNOhmEw1iuJOjUyBMjCF2_2026-07-13_1783946091471
,Owner,0iUOq89rNOhmEw1iuJOjUyBMjCF2,2026-07-13T12:41:27.309Z,2026-07-13,0iUOq89rNOhmEw1iuJOjUyBMjCF2_2026-07-13_1783946487309
,Owner,0iUOq89rNOhmEw1iuJOjUyBMjCF2,2026-07-14T05:36:42.987Z,2026-07-14,0iUOq89rNOhmEw1iuJOjUyBMjCF2_2026-07-14_1784007402987
2026-07-14T06:15:39.500Z,Owner,0iUOq89rNOhmEw1iuJOjUyBMjCF2,2026-07-14T06:14:06.834Z,2026-07-14,0iUOq89rNOhmEw1iuJOjUyBMjCF2_2026-07-14_1784009646834
2026-07-14T06:17:49.195Z,Owner,0iUOq89rNOhmEw1iuJOjUyBMjCF2,2026-07-14T06:17:22.616Z,2026-07-14,0iUOq89rNOhmEw1iuJOjUyBMjCF2_2026-07-14_1784009842616
2026-07-14T06:24:02.470Z,Owner,0iUOq89rNOhmEw1iuJOjUyBMjCF2,2026-07-14T06:19:07.256Z,2026-07-14,0iUOq89rNOhmEw1iuJOjUyBMjCF2_2026-07-14_1784009947256
2026-07-14T06:36:26.003Z,Owner,0iUOq89rNOhmEw1iuJOjUyBMjCF2,2026-07-14T06:36:01.869Z,2026-07-14,0iUOq89rNOhmEw1iuJOjUyBMjCF2_2026-07-14_1784010961869
2026-07-14T06:40:56.658Z,Owner,0iUOq89rNOhmEw1iuJOjUyBMjCF2,2026-07-14T06:40:29.185Z,2026-07-14,0iUOq89rNOhmEw1iuJOjUyBMjCF2_2026-07-14_1784011229185
2026-07-14T06:48:01.521Z,Owner,0iUOq89rNOhmEw1iuJOjUyBMjCF2,2026-07-14T06:41:35.963Z,2026-07-14,0iUOq89rNOhmEw1iuJOjUyBMjCF2_2026-07-14_1784011295963
2026-07-14T08:17:32.788Z,Owner,0iUOq89rNOhmEw1iuJOjUyBMjCF2,2026-07-14T06:54:44.472162Z,2026-07-14,0iUOq89rNOhmEw1iuJOjUyBMjCF2_2026-07-14_1784012084472
2026-07-14T08:33:06.367Z,Owner,0iUOq89rNOhmEw1iuJOjUyBMjCF2,2026-07-14T08:17:44.840Z,2026-07-14,0iUOq89rNOhmEw1iuJOjUyBMjCF2_2026-07-14_1784017064840
2026-07-14T08:36:33.993Z,Owner,0iUOq89rNOhmEw1iuJOjUyBMjCF2,2026-07-14T08:34:43.235Z,2026-07-14,0iUOq89rNOhmEw1iuJOjUyBMjCF2_2026-07-14_1784018083235
2026-07-14T08:37:57.654Z,Owner,0iUOq89rNOhmEw1iuJOjUyBMjCF2,2026-07-14T08:37:13.093Z,2026-07-14,0iUOq89rNOhmEw1iuJOjUyBMjCF2_2026-07-14_1784018233093
,Owner,0iUOq89rNOhmEw1iuJOjUyBMjCF2,2026-07-14T08:38:29.035Z,2026-07-14,0iUOq89rNOhmEw1iuJOjUyBMjCF2_2026-07-14_1784018309035
2026-07-14T11:04:08.568Z,Owner,0iUOq89rNOhmEw1iuJOjUyBMjCF2,2026-07-14T08:38:59.024Z,2026-07-14,0iUOq89rNOhmEw1iuJOjUyBMjCF2_2026-07-14_1784018339024
2026-07-14T11:45:25.382Z,Owner,0iUOq89rNOhmEw1iuJOjUyBMjCF2,2026-07-14T11:04:11.242Z,2026-07-14,0iUOq89rNOhmEw1iuJOjUyBMjCF2_2026-07-14_1784027051242
,Owner,0iUOq89rNOhmEw1iuJOjUyBMjCF2,2026-07-14T12:28:03.893Z,2026-07-14,0iUOq89rNOhmEw1iuJOjUyBMjCF2_2026-07-14_1784032083893
,Owner,0iUOq89rNOhmEw1iuJOjUyBMjCF2,2026-07-14T12:34:40.954Z,2026-07-14,0iUOq89rNOhmEw1iuJOjUyBMjCF2_2026-07-14_1784032480954
,Owner,0iUOq89rNOhmEw1iuJOjUyBMjCF2,2026-07-14T12:38:01.733Z,2026-07-14,0iUOq89rNOhmEw1iuJOjUyBMjCF2_2026-07-14_1784032681733
2026-07-15T16:16:33.176Z,Owner,0iUOq89rNOhmEw1iuJOjUyBMjCF2,2026-07-15T05:47:43.643Z,2026-07-15,0iUOq89rNOhmEw1iuJOjUyBMjCF2_2026-07-15_1784094463643
2026-07-16T16:53:02.907Z,Owner,0iUOq89rNOhmEw1iuJOjUyBMjCF2,2026-07-16T04:12:54.269Z,2026-07-16,0iUOq89rNOhmEw1iuJOjUyBMjCF2_2026-07-16_1784175174269
2026-07-17T07:18:50.136Z,Owner,0iUOq89rNOhmEw1iuJOjUyBMjCF2,2026-07-17T04:59:34.538Z,2026-07-17,0iUOq89rNOhmEw1iuJOjUyBMjCF2_2026-07-17_1784264374538
2026-07-17T07:46:28.466Z,Owner,0iUOq89rNOhmEw1iuJOjUyBMjCF2,2026-07-17T07:20:10.479Z,2026-07-17,0iUOq89rNOhmEw1iuJOjUyBMjCF2_2026-07-17_1784272810479
2026-07-17T08:16:53.282Z,Owner,0iUOq89rNOhmEw1iuJOjUyBMjCF2,2026-07-17T07:46:43.734Z,2026-07-17,0iUOq89rNOhmEw1iuJOjUyBMjCF2_2026-07-17_1784274403734
,Owner,0iUOq89rNOhmEw1iuJOjUyBMjCF2,2026-07-17T08:21:31.271Z,2026-07-17,0iUOq89rNOhmEw1iuJOjUyBMjCF2_2026-07-17_1784276491271
2026-07-17T08:54:12.615Z,Owner,0iUOq89rNOhmEw1iuJOjUyBMjCF2,2026-07-17T08:33:07.526Z,2026-07-17,0iUOq89rNOhmEw1iuJOjUyBMjCF2_2026-07-17_1784277187526
2026-07-17T09:03:13.975Z,Owner,0iUOq89rNOhmEw1iuJOjUyBMjCF2,2026-07-17T08:56:36.125Z,2026-07-17,0iUOq89rNOhmEw1iuJOjUyBMjCF2_2026-07-17_1784278596125
,Owner,0iUOq89rNOhmEw1iuJOjUyBMjCF2,2026-07-17T09:17:18.039Z,2026-07-17,0iUOq89rNOhmEw1iuJOjUyBMjCF2_2026-07-17_1784279838039
2026-07-17T09:20:13.170Z,Owner,0iUOq89rNOhmEw1iuJOjUyBMjCF2,2026-07-17T09:18:25.880Z,2026-07-17,0iUOq89rNOhmEw1iuJOjUyBMjCF2_2026-07-17_1784279905880
2026-07-17T09:26:29.384Z,Owner,0iUOq89rNOhmEw1iuJOjUyBMjCF2,2026-07-17T09:24:10.802Z,2026-07-17,0iUOq89rNOhmEw1iuJOjUyBMjCF2_2026-07-17_1784280250802
2026-07-17T09:34:39.019Z,Owner,0iUOq89rNOhmEw1iuJOjUyBMjCF2,2026-07-17T09:31:05.491Z,2026-07-17,0iUOq89rNOhmEw1iuJOjUyBMjCF2_2026-07-17_1784280665491
2026-07-17T09:51:41.013Z,Owner,0iUOq89rNOhmEw1iuJOjUyBMjCF2,2026-07-17T09:34:48.925Z,2026-07-17,0iUOq89rNOhmEw1iuJOjUyBMjCF2_2026-07-17_1784280888925
2026-07-17T09:55:36.174Z,Owner,0iUOq89rNOhmEw1iuJOjUyBMjCF2,2026-07-17T09:51:56.041Z,2026-07-17,0iUOq89rNOhmEw1iuJOjUyBMjCF2_2026-07-17_1784281916041
,Owner,0iUOq89rNOhmEw1iuJOjUyBMjCF2,2026-07-17T09:57:49.906Z,2026-07-17,0iUOq89rNOhmEw1iuJOjUyBMjCF2_2026-07-17_1784282269906
2026-07-17T13:33:10.562640Z,Owner,0iUOq89rNOhmEw1iuJOjUyBMjCF2,2026-07-17T13:31:28.484718Z,2026-07-17,0iUOq89rNOhmEw1iuJOjUyBMjCF2_2026-07-17_1784295088484
2026-07-17T13:33:46.413905Z,Owner,0iUOq89rNOhmEw1iuJOjUyBMjCF2,2026-07-17T13:33:18.499040Z,2026-07-17,0iUOq89rNOhmEw1iuJOjUyBMjCF2_2026-07-17_1784295198499
,Owner,0iUOq89rNOhmEw1iuJOjUyBMjCF2,2026-07-17T13:33:53.678073Z,2026-07-17,0iUOq89rNOhmEw1iuJOjUyBMjCF2_2026-07-17_1784295233678
2026-07-17T14:55:13.872291Z,Owner,0iUOq89rNOhmEw1iuJOjUyBMjCF2,2026-07-17T13:40:58.005034Z,2026-07-17,0iUOq89rNOhmEw1iuJOjUyBMjCF2_2026-07-17_1784295658005
,Owner,0iUOq89rNOhmEw1iuJOjUyBMjCF2,2026-07-17T14:55:28.994281Z,2026-07-17,0iUOq89rNOhmEw1iuJOjUyBMjCF2_2026-07-17_1784300128994
,Owner,0iUOq89rNOhmEw1iuJOjUyBMjCF2,2026-07-17T14:55:32.889215Z,2026-07-17,0iUOq89rNOhmEw1iuJOjUyBMjCF2_2026-07-17_1784300132889
,Owner,0iUOq89rNOhmEw1iuJOjUyBMjCF2,2026-07-17T16:30:07.758Z,2026-07-17,0iUOq89rNOhmEw1iuJOjUyBMjCF2_2026-07-17_1784305807758
2026-07-18T04:23:12.293Z,Owner,0iUOq89rNOhmEw1iuJOjUyBMjCF2,2026-07-18T03:54:53.813Z,2026-07-18,0iUOq89rNOhmEw1iuJOjUyBMjCF2_2026-07-18_1784346893813
2026-07-18T09:03:41.946Z,Owner,0iUOq89rNOhmEw1iuJOjUyBMjCF2,2026-07-18T04:23:39.513Z,2026-07-18,0iUOq89rNOhmEw1iuJOjUyBMjCF2_2026-07-18_1784348619513
2026-07-18T09:44:51.738Z,Owner,0iUOq89rNOhmEw1iuJOjUyBMjCF2,2026-07-18T09:03:56.679Z,2026-07-18,0iUOq89rNOhmEw1iuJOjUyBMjCF2_2026-07-18_1784365436679
2026-07-18T10:00:36.930Z,Owner,0iUOq89rNOhmEw1iuJOjUyBMjCF2,2026-07-18T09:46:55.103Z,2026-07-18,0iUOq89rNOhmEw1iuJOjUyBMjCF2_2026-07-18_1784368015103
2026-07-18T10:25:52.380Z,Owner,0iUOq89rNOhmEw1iuJOjUyBMjCF2,2026-07-18T10:00:56.443Z,2026-07-18,0iUOq89rNOhmEw1iuJOjUyBMjCF2_2026-07-18_1784368856443
2026-07-18T10:36:52.606Z,Owner,0iUOq89rNOhmEw1iuJOjUyBMjCF2,2026-07-18T10:28:12.921Z,2026-07-18,0iUOq89rNOhmEw1iuJOjUyBMjCF2_2026-07-18_1784370492921
,Owner,0iUOq89rNOhmEw1iuJOjUyBMjCF2,2026-07-18T10:37:11.726Z,2026-07-18,0iUOq89rNOhmEw1iuJOjUyBMjCF2_2026-07-18_1784371031726
2026-07-18T11:02:34.562Z,Owner,0iUOq89rNOhmEw1iuJOjUyBMjCF2,2026-07-18T10:44:08.773831Z,2026-07-18,0iUOq89rNOhmEw1iuJOjUyBMjCF2_2026-07-18_1784371448773
,Owner,0iUOq89rNOhmEw1iuJOjUyBMjCF2,2026-07-18T11:03:21.006Z,2026-07-18,0iUOq89rNOhmEw1iuJOjUyBMjCF2_2026-07-18_1784372601006
,Owner,0iUOq89rNOhmEw1iuJOjUyBMjCF2,2026-07-18T14:33:31.951993Z,2026-07-18,0iUOq89rNOhmEw1iuJOjUyBMjCF2_2026-07-18_1784385211951
2026-07-19T07:34:45.231Z,Owner,0iUOq89rNOhmEw1iuJOjUyBMjCF2,2026-07-19T07:34:43.563Z,2026-07-19,0iUOq89rNOhmEw1iuJOjUyBMjCF2_2026-07-19_1784446483563
2026-07-19T07:34:47.623Z,Owner,0iUOq89rNOhmEw1iuJOjUyBMjCF2,2026-07-19T07:34:47.025Z,2026-07-19,0iUOq89rNOhmEw1iuJOjUyBMjCF2_2026-07-19_1784446487025
2026-07-19T15:33:56.490Z,Owner,0iUOq89rNOhmEw1iuJOjUyBMjCF2,2026-07-19T14:23:09.818Z,2026-07-19,0iUOq89rNOhmEw1iuJOjUyBMjCF2_2026-07-19_1784470989818
2026-07-19T17:20:13.826Z,Owner,0iUOq89rNOhmEw1iuJOjUyBMjCF2,2026-07-19T15:34:28.627Z,2026-07-19,0iUOq89rNOhmEw1iuJOjUyBMjCF2_2026-07-19_1784475268627
,Owner,0iUOq89rNOhmEw1iuJOjUyBMjCF2,2026-07-20T04:58:11.195Z,2026-07-20,0iUOq89rNOhmEw1iuJOjUyBMjCF2_2026-07-20_1784523491195
2026-07-22T06:43:40.041Z,Owner,0iUOq89rNOhmEw1iuJOjUyBMjCF2,2026-07-21T19:20:16.105Z,2026-07-22,0iUOq89rNOhmEw1iuJOjUyBMjCF2_2026-07-22_1784661616105
,Owner,0iUOq89rNOhmEw1iuJOjUyBMjCF2,2026-07-22T06:53:58.462Z,2026-07-22,0iUOq89rNOhmEw1iuJOjUyBMjCF2_2026-07-22_1784703238462
2026-07-14T06:18:31.364Z,astitva,OILGLij7yAQrZV5cGDcHA2gYNZw1,2026-07-14T06:18:03.625Z,2026-07-14,OILGLij7yAQrZV5cGDcHA2gYNZw1_2026-07-14_1784009883625